0,1,2,3
1,https://casa-musica.com/ru/muzyka-cd-mp3/381-692-1.html#/28-music_format-mp3_album,C.F.D.,"17,95€ CD/ 12,95€ MP3"
1 - Latin Jam,https://casa-musica.com/ru/muzyka-cd-mp3/590-1109-1-latin-jam.html#/28-music_format-mp3_album,Latin Jam,"17,95€ CD/ 12,95€ MP3"
2,https://casa-musica.com/ru/muzyka-cd-mp3/403-736-2.html#/28-music_format-mp3_album,C.F.D.,"17,95€ CD/ 12,95€ MP3"
2 - X-tra Hot!,https://casa-musica.com/ru/muzyka-cd-mp3/607-1143-2-x-tra-hot.html#/28-music_format-mp3_album,Latin Jam,"17,95€ CD/ 12,95€ MP3"
3,https://casa-musica.com/ru/muzyka-cd-mp3/406-742-3.html#/28-music_format-mp3_album,C.F.D.,"17,95€ CD/ 12,95€ MP3"
3 - On Fire,https://casa-musica.com/ru/muzyka-cd-mp3/629-1187-3-on-fire.html#/28-music_format-mp3_album,Latin Jam,"17,95€ CD/ 12,95€ MP3"
4,https://casa-musica.com/ru/muzyka-cd-mp3/465-860-4.html#/28-music_format-mp3_album,C.F.D.,"17,95€ CD/ 12,95€ MP3"
4 - Sizzling,https://casa-musica.com/ru/muzyka-cd-mp3/703-1325-4-sizzling.html#/28-music_format-mp3_album,Latin Jam,"17,95€ CD/ 12,95€ MP3"
5,https://casa-musica.com/ru/muzyka-cd-mp3/514-958-5.html#/28-music_format-mp3_album,C.F.D.,"17,95€ CD/ 12,95€ MP3"
5 - Electrified,https://casa-musica.com/ru/muzyka-cd-mp3/719-1357-5-electrified.html#/28-music_format-mp3_album,Latin Jam,"17,95€ CD/ 12,95€ MP3"
6,https://casa-musica.com/ru/muzyka-cd-mp3/543-1015-6.html#/28-music_format-mp3_album,C.F.D.,"17,95€ CD/ 12,95€ MP3"
6 - El Nuevo Cha Cha Cha,https://casa-musica.com/ru/muzyka-cd-mp3/751-1419-6-el-nuevo-cha-cha-cha.html#/28-music_format-mp3_album,Latin Jam,"17,95€ CD/ 12,95€ MP3"
7,https://casa-musica.com/ru/muzyka-cd-mp3/39321-2547-7.html#/28-music_format-mp3_album,C.F.D.,"17,95€ CD/ 12,95€ MP3"
7,https://casa-musica.com/ru/muzyka-cd-mp3/557-1043-7.html#/28-music_format-mp3_album,Latin Jam,"17,95€ CD/ 12,95€ MP3"
8,https://casa-musica.com/ru/muzyka-cd-mp3/577-1083-8.html#/28-music_format-mp3_album,C.F.D.,"17,95€ CD/ 12,95€ MP3"
9,https://casa-musica.com/ru/muzyka-cd-mp3/565-1059-9.html#/28-music_format-mp3_album,C.F.D.,"17,95€ CD/ 12,95€ MP3"
10 - Films and Shows,https://casa-musica.com/ru/muzyka-cd-mp3/601-1131-10-films-and-shows.html#/28-music_format-mp3_album,C.F.D.,"17,95€ CD/ 12,95€ MP3"
13,https://casa-musica.com/ru/muzyka-cd-mp3/516-962-13.html#/28-music_format-mp3_album,Dancelife Studio Orchestra,"17,95€ CD/ 12,95€ MP3"
20 Jahre Karl Schmidt Big Band,https://casa-musica.com/ru/muzyka-cd-mp3/970-1834-20-jahre-karl-schmidt-big-band.html#/28-music_format-mp3_album,Karl Schmidt Big Band,"24,95€ CD/ 19,95€ MP3"
24,https://casa-musica.com/ru/muzyka-cd-mp3/800-1512-24.html#/28-music_format-mp3_album,Dancelife Studio Orchestra,"17,95€ CD/ 12,95€ MP3"
25 Super Rumbas,https://casa-musica.com/ru/muzyka-cd-mp3/47413-3223-25-super-rumbas.html#/28-music_format-mp3_album,Tony Evans & His Orchestra,"17,95€ CD/ 12,95€ MP3"
25 Top Rumbas,https://casa-musica.com/ru/muzyka-cd-mp3/666-1261-25-top-rumbas.html#/28-music_format-mp3_album,Various Artists,"17,95€ CD/ 12,95€ MP3"
25 Top Waltzes,https://casa-musica.com/ru/muzyka-cd-mp3/708-1335-25-top-waltzes.html#/28-music_format-mp3_album,Various Artists,"17,95€ CD/ 12,95€ MP3"
30 Top Cha Cha Chas,https://casa-musica.com/ru/muzyka-cd-mp3/656-1241-30-top-cha-cha-chas.html#/28-music_format-mp3_album,Various Artists,"17,95€ CD/ 12,95€ MP3"
30 Top Foxtrots,https://casa-musica.com/ru/muzyka-cd-mp3/736-1391-30-top-foxtrots.html#/28-music_format-mp3_album,Various Artists,"17,95€ CD/ 12,95€ MP3"
30 Top Jives,https://casa-musica.com/ru/muzyka-cd-mp3/637-1203-30-top-jives.html#/28-music_format-mp3_album,Various Artists,"17,95€ CD/ 12,95€ MP3"
30 Top Quicksteps,https://casa-musica.com/ru/muzyka-cd-mp3/709-1337-30-top-quicksteps.html#/28-music_format-mp3_album,Various Artists,"17,95€ CD/ 12,95€ MP3"
30 Top Sambas,https://casa-musica.com/ru/muzyka-cd-mp3/657-1243-30-top-sambas.html#/28-music_format-mp3_album,Various Artists,"17,95€ CD/ 12,95€ MP3"
30 Top Tangos,https://casa-musica.com/ru/muzyka-cd-mp3/785-1482-30-top-tangos.html#/28-music_format-mp3_album,Various Artists,"17,95€ CD/ 12,95€ MP3"
2008 World Super Stars Dance Festival Latin,https://casa-musica.com/ru/muzyka-cd-mp3/1043-1968-2008-world-super-stars-dance-festival-latin.html#/28-music_format-mp3_album,Various Artists,"19,95€ CD/ 16,95€ MP3"
